"Date","Country","Production_Costs","Sales_Revenue","Active_Users","Opened_Complaints","Profit","Complaint_Rate"
"2020-01-31","Germany",4806.00713603861,6829.24844082893,10108,506,2023.24130479032,0.0500593589236248
"2020-02-29","Germany",2937.24604986889,4107.7833709858,10228,510,1170.53732111691,0.0498631208447399
"2020-03-31","Germany",4402.09470463756,6865.76143252059,10408,523,2463.66672788303,0.050249807840123
"2020-04-30","Germany",3472.81236323752,5191.60360534996,10199,500,1718.79124211244,0.0490244141582508
"2020-05-31","Germany",6301.34864833277,4116.99616723944,10171,519,-2184.35248109333,0.0510274309310786
"2020-06-30","Germany",2962.30183206297,3947.39972236025,10377,522,985.097890297279,0.0503035559410234
"2020-07-31","Germany",3567.60699419262,4800.94784949851,9211,468,1233.34085530589,0.050808815546629
"2020-08-31","Germany",2976.67809336394,4946.69137422868,10287,506,1970.01328086474,0.049188295907456
"2020-09-30","Germany",2137.7717226202,2803.96143285604,9705,473,666.189710235839,0.0487377640391551
"2020-10-31","Germany",3097.44763841025,3956.70058998492,8791,424,859.252951574674,0.0482311454897054
"2020-11-30","Germany",2749.29440515747,4419.78525614698,9247,479,1670.49085098951,0.0518005839731805
"2020-12-31","Germany",2954.19109282639,4074.70773109376,10661,522,1120.51663826737,0.0489635118656786
"2021-01-31","Germany",6301.34864833277,7488.5243301192,10297,505,1187.17568178642,0.0490434107021463
"2021-02-28","Germany",6301.34864833277,7510.63043810575,10930,531,1209.28178977297,0.0485818847209515
"2021-03-31","Germany",6184.27819554261,7938.73369656484,10544,550,1754.45550102223,0.0521623672230652
"2021-04-30","Germany",6286.71050369212,9195.521473538,11367,586,2908.81096984588,0.0515527403888449
"2021-05-31","Germany",6111.14865276954,8619.74572559012,11711,592,2508.59707282058,0.0505507642387499
"2021-06-30","Germany",4708.22282737573,6358.96819176469,12229,621,1650.74536438896,0.050780930574863
"2021-07-31","Germany",5171.41408086384,7200.74984733788,12014,610,2029.33576647404,0.0507740968869652
"2021-08-31","Germany",5426.05451653496,7156.02662303505,11378,576,1729.97210650009,0.0506240112497803
"2021-09-30","Germany",4307.4341739395,5442.92640464423,10959,557,1135.49223070473,0.0508258052742038
"2021-10-31","Germany",4428.38309714567,6469.95347558152,10729,529,2041.57037843585,0.0493056202814801
"2021-11-30","Germany",6301.34864833277,5205.87080980231,11019,552,-1095.47783853047,0.0500952899537163
"2021-12-31","Germany",4044.83903672963,5557.83720256499,10817,553,1512.99816583536,0.0511232319497088
"2022-01-31","Germany",6250.67526476186,8832.25692279903,12716,643,2581.58165803717,0.0505662157911293
"2022-02-28","Germany",6301.34864833277,10033.284796333,12239,615,3731.93614800026,0.0502492033662881
"2022-03-31","Germany",7413.87691976103,12345.8676092176,12131,590,4931.99068945661,0.0486357266507295
"2022-04-30","Germany",7312.22652171796,10503.9068537615,12558,632,3191.68033204351,0.0503264851090938
"2022-05-31","Germany",7055.54621052833,9838.59395504578,11742,581,2783.04774451745,0.0494804973599046
"2022-06-30","Germany",6469.39650446269,8344.31227583908,12523,631,1874.91577137639,0.0503872873912002
"2022-07-31","Germany",6905.27001859147,10256.464917857,12080,601,3351.19489926552,0.0497516556291391
"2022-08-31","Germany",6647.36703908218,9122.61897987461,12254,615,2475.25194079243,0.0501876938142647
"2022-09-30","Germany",4899.73176713516,7644.99650352491,11644,581,2745.26473638975,0.0498969426313981
"2022-10-31","Germany",6301.34864833277,7894.59493315203,12348,630,1593.24628481926,0.0510204081632653
"2022-11-30","Germany",4999.552541018,7557.48177585208,11945,588,2557.92923483408,0.0492256174131436
"2022-12-31","Germany",7400.66909011268,9800.71754319315,11699,592,2400.04845308047,0.0506026156081716
"2023-01-31","Germany",6303.22866834166,9760.20425510956,12528,628,3456.9755867679,0.0501277139208174
"2023-02-28","Germany",8013.6590351955,12722.4569894544,12482,614,4708.79795425887,0.049190834802115
"2023-03-31","Germany",6301.34864833277,14162.7635417531,12854,640,7861.41489342034,0.0497899486541154
"2023-04-30","Germany",7333.64126999968,10850.0427998832,13122,662,3516.40152988349,0.0504496265813138
"2023-05-31","Germany",6301.34864833277,10524.4717488769,13442,666,4223.12310054412,0.0495461984823687
"2023-06-30","Germany",8364.65071992174,12094.6005940379,12791,626,3729.94987411614,0.0489406614025487
"2023-07-31","Germany",8620.71811933241,12186.5440654927,13657,670,3565.8259461603,0.0490590905762613
"2023-08-31","Germany",6117.78591398693,8856.91514497101,13189,662,2739.12923098408,0.0501933429372962
"2023-09-30","Germany",8232.78280908837,11070.8948137712,12915,634,2838.11200468283,0.0490902051877662
"2023-10-31","Germany",6084.82576895956,9120.84645673069,12520,618,3036.02068777113,0.0493610223642173
"2023-11-30","Germany",9233.94563155675,12314.0485942116,13713,695,3080.10296265481,0.0506818347553416
"2023-12-31","Germany",6301.34864833277,10665.1541813788,13252,660,4363.80553304606,0.0498038031995171
"2024-01-31","Germany",10444.8230640434,13765.8376903498,14002,694,3321.01462630642,0.0495643479502928
"2024-02-29","Germany",10313.4548742736,16015.2175990659,14227,708,5701.76272479233,0.0497645322274548
"2024-03-31","Germany",6301.34864833277,15489.1613135944,14350,719,9187.81266526159,0.0501045296167247
"2024-04-30","Germany",11023.7872032823,14161.0846252423,13900,712,3137.29742195998,0.0512230215827338
"2024-05-31","Germany",9543.08684787198,13845.7127080178,13963,684,4302.62586014578,0.0489866074625797
"2024-06-30","Germany",9704.41076595881,13383.8309445807,13014,657,3679.4201786219,0.0504840940525588
"2024-07-31","Germany",6301.34864833277,15678.4925697098,13663,677,9377.14392137701,0.0495498792358926
"2024-08-31","Germany",9926.25893229701,15551.3755645415,14419,705,5625.11663224448,0.0488938206533047
"2024-09-30","Germany",8973.56235278823,12310.6183106782,15202,753,3337.05595788999,0.049532956189975
"2024-10-31","Germany",8898.82112305054,13698.726506376,14258,707,4799.90538332549,0.0495861972226119
"2024-11-30","Germany",7209.03393415258,11199.9537444676,14280,702,3990.91981031505,0.0491596638655462
"2024-12-31","Germany",8614.59725430707,11911.3812158702,14387,729,3296.78396156313,0.0506707444220477
"2020-01-31","France",2503.22413027392,3601.53285134769,9121,458,1098.30872107377,0.0502137923473303
"2020-02-29","France",4578.04641790477,7109.75750405168,10216,515,2531.71108614691,0.0504111198120595
"2020-03-31","France",3702.86795950314,5824.00725448631,9690,479,2121.13929498317,0.0494324045407637
"2020-04-30","France",6301.34864833277,5260.28007098677,9694,493,-1041.068577346,0.0508561997111615
"2020-05-31","France",3536.87058775611,5279.88639672203,10429,521,1743.01580896592,0.0499568510883114
"2020-06-30","France",3889.68200912908,6441.07125348736,10245,507,2551.38924435828,0.0494875549048316
"2020-07-31","France",6301.34864833277,5535.38056772303,10553,532,-765.968080609748,0.0504122050601725
"2020-08-31","France",2813.04095231578,3770.39001327516,10630,526,957.349060959382,0.0494825964252117
"2020-09-30","France",6301.34864833277,4621.80963805213,9869,494,-1679.53901028065,0.0500557300638363
"2020-10-31","France",2621.83576617597,3299.03484010444,9540,496,677.199073928474,0.0519916142557652
"2020-11-30","France",4545.22838443154,5847.78060312086,10379,535,1302.55221868932,0.0515463917525773
"2020-12-31","France",6301.34864833277,4649.24573166445,9332,478,-1652.10291666833,0.0512216030861552
"2021-01-31","France",3894.84558658319,5126.93706242235,11293,575,1232.09147583916,0.0509164969450102
"2021-02-28","France",6301.34864833277,7821.0612568101,11725,573,1519.71260847732,0.0488699360341151
"2021-03-31","France",7017.79572976127,8911.98369578017,11743,587,1894.1879660189,0.0499872264327685
"2021-04-30","France",4282.9334751872,6820.81472733072,11526,602,2537.88125214352,0.0522297414541038
"2021-05-31","France",6995.02754333343,9137.99046409404,11242,562,2142.96292076061,0.0499911047856253
"2021-06-30","France",4451.43743591632,6990.55122503436,10290,514,2539.11378911804,0.0499514091350826
"2021-07-31","France",5527.05382039376,8676.35771146059,10752,551,3149.30389106683,0.0512462797619048
"2021-08-31","France",4224.58327998836,5343.69870997039,11173,567,1119.11542998203,0.050747337331066
"2021-09-30","France",4810.24695656802,6040.99191067429,11835,589,1230.74495410627,0.0497676383607943
"2021-10-31","France",4578.67291314816,5725.55711142539,10377,506,1146.88419827723,0.0487616844945553
"2021-11-30","France",4348.71295191217,6227.25549724889,11353,570,1878.54254533672,0.0502069937461464
"2021-12-31","France",5570.65527284089,7109.91113489979,10544,516,1539.2558620589,0.048937784522003
"2022-01-31","France",6301.34864833277,9364.99214893093,12141,619,3063.64350059815,0.0509842681821926
"2022-02-28","France",6621.75388553231,8396.71724082078,13033,651,1774.96335528847,0.0499501266017034
"2022-03-31","France",6850.96145702437,10732.2759318337,12342,622,3881.31447480936,0.0503970183114568
"2022-04-30","France",6366.4348663101,9856.16934500022,11565,584,3489.73447869012,0.0504971897968007
"2022-05-31","France",6301.34864833277,8758.55630646346,12038,602,2457.20765813068,0.0500083070277455
"2022-06-30","France",6301.34864833277,9431.23423214939,12382,612,3129.88558381661,0.0494265869811016
"2022-07-31","France",6301.34864833277,8980.23164242982,11707,603,2678.88299409704,0.0515076449987187
"2022-08-31","France",4493.86702455828,6645.43273488719,11859,606,2151.56571032891,0.0511004300531242
"2022-09-30","France",4790.61227989169,7828.66055268051,12438,621,3038.04827278882,0.0499276410998553
"2022-10-31","France",6300.63340122347,8151.60020903535,11013,544,1850.96680781188,0.049396168164896
"2022-11-30","France",6063.46731773695,8482.90464193194,11491,577,2419.43732419499,0.0502132103385258
"2022-12-31","France",6067.55454102343,8625.05926165586,12654,638,2557.50472063243,0.0504188398925241
"2023-01-31","France",6355.20510205089,9159.10212793456,13191,662,2803.89702588367,0.0501857326965355
"2023-02-28","France",6781.66408739509,11011.6519734664,12628,635,4229.98788607127,0.0502850807728857
"2023-03-31","France",7925.76849460905,11832.5471998101,13342,668,3906.77870520102,0.0500674561535002
"2023-04-30","France",9507.46035761757,13286.3289289974,13209,662,3778.86857137979,0.0501173442349913
"2023-05-31","France",8860.3261340096,13538.2430565604,12532,623,4677.91692255079,0.0497127353973827
"2023-06-30","France",7259.57669280423,11496.210247481,12405,621,4236.63355467677,0.0500604594921403
"2023-07-31","France",8165.53622131969,11350.1009815364,13110,661,3184.56476021671,0.050419527078566
"2023-08-31","France",8150.31064696428,10988.212226588,13497,669,2837.90157962369,0.0495665703489664
"2023-09-30","France",7748.30385162568,10064.2444097126,13187,659,2315.94055808695,0.049973458709335
"2023-10-31","France",5210.88892024349,6990.39069667864,13108,664,1779.50177643515,0.0506560878852609
"2023-11-30","France",8229.30724355232,10822.8859095095,12356,623,2593.57866595718,0.0504208481709291
"2023-12-31","France",8492.6115037277,11430.0764942467,13219,668,2937.46499051903,0.0505333232468417
"2024-01-31","France",8449.81329474412,13343.2210969176,14231,715,4893.40780217345,0.0502424285011594
"2024-02-29","France",6301.34864833277,16070.9538517399,13389,675,9769.60520340713,0.0504145193815819
"2024-03-31","France",11616.4621967848,14648.9170572345,13958,678,3032.45486044974,0.0485742943115059
"2024-04-30","France",9957.38884756887,15291.3593821082,13707,685,5333.97053453935,0.0499744656015175
"2024-05-31","France",6301.34864833277,12437.7678078338,13797,677,6136.41915950107,0.049068638109734
"2024-06-30","France",9811.24389990433,12396.4790317479,14163,699,2585.23513184357,0.04935395043423
"2024-07-31","France",8001.36808274211,12089.0020930672,13421,677,4087.63401032506,0.0504433350719022
"2024-08-31","France",6301.34864833277,11737.3910744714,13520,679,5436.04242613865,0.0502218934911243
"2024-09-30","France",9848.00768789654,13481.8878628928,13825,696,3633.88017499628,0.0503435804701627
"2024-10-31","France",6301.34864833277,10627.1652420613,13418,657,4325.81659372849,0.0489640781040393
"2024-11-30","France",9692.1194192164,13476.2467139206,13209,654,3784.12729470415,0.0495116965705201
"2024-12-31","France",8132.61362108753,11670.4087869931,14387,729,3537.79516590553,0.0506707444220477
"2020-01-31","Italy",6301.34864833277,4112.98417791286,9990,498,-2188.36447041992,0.0498498498498499
"2020-02-29","Italy",2938.17231852791,4202.42086066295,10565,525,1264.24854213504,0.0496923805016564
"2020-03-31","Italy",4954.73199803541,6208.17694685271,9838,516,1253.4449488173,0.0524496848953039
"2020-04-30","Italy",3825.71438248043,5902.91996227006,10344,531,2077.20557978963,0.0513341067285383
"2020-05-31","Italy",4597.68517055389,6210.32842668815,10455,517,1612.64325613426,0.0494500239120038
"2020-06-30","Italy",4271.21933285585,6129.10559879695,9430,490,1857.8862659411,0.0519618239660657
"2020-07-31","Italy",6301.34864833277,5499.28996155033,10191,496,-802.058686782448,0.048670395446963
"2020-08-31","Italy",1764.61820393678,2838.50619172345,10408,545,1073.88798778667,0.0523635664873175
"2020-09-30","Italy",3618.60042725095,5433.75834706838,9901,494,1815.15791981743,0.0498939501060499
"2020-10-31","Italy",2279.49526399445,3448.12793982749,10066,507,1168.63267583304,0.0503675740115239
"2020-11-30","Italy",2425.26022230195,3590.62437501356,9283,457,1165.36415271161,0.049229774857266
"2020-12-31","Italy",3117.78156890583,4587.39883530765,9779,482,1469.61726640182,0.0492892933837816
"2021-01-31","Italy",4271.64412241576,5931.16910422132,11594,579,1659.52498180556,0.049939623943419
"2021-02-28","Italy",4939.39736128887,7840.06669533591,11710,578,2900.66933404704,0.0493595217762596
"2021-03-31","Italy",6301.34864833277,9015.59182682445,12452,629,2714.24317849168,0.05051397365885
"2021-04-30","Italy",4249.39602398495,6552.93553473571,10979,556,2303.53951075076,0.0506421349849713
"2021-05-31","Italy",6301.34864833277,8402.00632437733,10529,527,2100.65767604456,0.0500522366796467
"2021-06-30","Italy",4783.09047347365,7314.1895045204,10623,530,2531.09903104675,0.0498917443283442
"2021-07-31","Italy",3580.29889151284,5776.38853350118,12246,607,2196.08964198834,0.049567205618161
"2021-08-31","Italy",4199.49011882259,5899.32676932539,10479,529,1699.8366505028,0.0504819162133791
"2021-09-30","Italy",6301.34864833277,5835.46069304961,10891,518,-465.887955283169,0.0475622073271509
"2021-10-31","Italy",5046.75634442051,6941.11790919381,10646,550,1894.3615647733,0.0516625962802931
"2021-11-30","Italy",6301.34864833277,6614.62549808605,10923,557,313.276849753272,0.050993316854344
"2021-12-31","Italy",5576.95343799618,7050.04644012107,11882,597,1473.09300212489,0.0502440666554452
"2022-01-31","Italy",4520.70731127337,7329.96685093742,12679,647,2809.25953966405,0.0510292609827273
"2022-02-28","Italy",6620.71136010814,9847.7161053291,11826,572,3227.00474522096,0.0483680027059022
"2022-03-31","Italy",8367.16861651417,10461.3945590653,12063,614,2094.2259425511,0.050899444582608
"2022-04-30","Italy",7570.59552586918,11267.8414225418,12070,608,3697.24589667261,0.0503728251864126
"2022-05-31","Italy",6611.52109488863,9233.99753469528,11868,593,2622.47643980665,0.0499662959218065
"2022-06-30","Italy",5995.25290918984,9746.87757544167,12159,615,3751.62466625183,0.0505798174191957
"2022-07-31","Italy",6301.34864833277,9640.18040585702,12114,590,3338.83175752424,0.0487039788674261
"2022-08-31","Italy",4987.48371729334,8046.14724414088,12513,612,3058.66352684754,0.0489091345001199
"2022-09-30","Italy",6301.34864833277,7339.10336279509,12793,640,1037.75471446231,0.0500273587117955
"2022-10-31","Italy",6294.78343643889,9303.49686218072,11470,575,3008.71342574183,0.0501307759372275
"2022-11-30","Italy",6301.34864833277,10028.419615467,11345,582,3727.07096713426,0.0513001322168356
"2022-12-31","Italy",5554.09054172506,8313.79751801417,12350,629,2759.70697628911,0.0509311740890688
"2023-01-31","Italy",7050.90343765003,10619.4502219102,13105,662,3568.54678426016,0.0505150705837467
"2023-02-28","Italy",6301.34864833277,12303.0764900881,12573,624,6001.72784175534,0.0496301598663803
"2023-03-31","Italy",6301.34864833277,13079.9576289065,13137,666,6778.60898057371,0.05069650605161
"2023-04-30","Italy",6301.34864833277,10750.5115222128,13486,679,4449.16287388003,0.0503485095654753
"2023-05-31","Italy",9087.81352961936,11869.6023094632,13146,651,2781.78877984382,0.0495207667731629
"2023-06-30","Italy",8124.8629691021,12018.345606829,12903,655,3893.48263772686,0.0507633883592963
"2023-07-31","Italy",8469.91050034287,11281.0149607995,12584,636,2811.10446045668,0.0505403687221869
"2023-08-31","Italy",7274.02372252541,10492.9335743561,12170,597,3218.90985183072,0.0490550534100246
"2023-09-30","Italy",6301.34864833277,9151.90400853349,12734,639,2850.55536020071,0.0501806188157688
"2023-10-31","Italy",6301.34864833277,10747.4581432542,13306,676,4446.10949492147,0.0508041485044341
"2023-11-30","Italy",5887.09650948498,9707.08710332713,13407,678,3819.99059384215,0.0505705974490938
"2023-12-31","Italy",7184.271540389,11660.9937810064,13870,690,4476.72224061737,0.049747656813266
"2024-01-31","Italy",10255.6645023726,12926.1844704037,13179,653,2670.5199680311,0.0495485241672358
"2024-02-29","Italy",8933.46887312608,13813.3181544508,14914,743,4879.84928132471,0.0498189620490814
"2024-03-31","Italy",10308.915120183,14488.7576017436,14309,708,4179.84248156058,0.0494793486616815
"2024-04-30","Italy",10476.3340869226,13991.1269843655,14572,737,3514.79289744292,0.0505764479824321
"2024-05-31","Italy",11082.5198121247,14107.482307458,13708,679,3024.9624953333,0.0495331193463671
"2024-06-30","Italy",8854.67351043726,14277.2614573886,13888,689,5422.58794695139,0.0496111751152074
"2024-07-31","Italy",10251.4584678019,13672.0205656898,14237,707,3420.56209788793,0.0496593383437522
"2024-08-31","Italy",8949.89886536726,12127.4464050963,13987,717,3177.54753972907,0.0512618860370344
"2024-09-30","Italy",7825.767543049,11266.7346877466,14639,737,3440.96714469757,0.050344968918642
"2024-10-31","Italy",6301.34864833277,9920.24612187396,15161,752,3618.89747354118,0.0496009498054218
"2024-11-30","Italy",6301.34864833277,9729.62719046183,14569,718,3428.27854212906,0.0492827235911868
"2024-12-31","Italy",9651.87231007515,12084.4960615511,13926,698,2432.62375147595,0.0501220738187563
"2020-01-31","Spain",4505.56830376583,5669.72478716384,9292,466,1164.15648339801,0.0501506672406371
"2020-02-29","Spain",4204.63892305636,6259.5495408713,9042,436,2054.91061781494,0.0482194204821942
"2020-03-31","Spain",4412.8713337691,6980.4707853572,9545,461,2567.5994515881,0.048297537977999
"2020-04-30","Spain",3991.26778278439,5076.91826224569,10632,531,1085.6504794613,0.0499435665914221
"2020-05-31","Spain",3876.65658350599,5250.80908675626,10077,515,1374.15250325027,0.0511064801032053
"2020-06-30","Spain",4555.04731566331,7030.09510554145,10835,540,2475.04778987814,0.0498384863867097
"2020-07-31","Spain",3069.01133821458,4493.22617057239,10629,539,1424.21483235781,0.050710320820397
"2020-08-31","Spain",3848.90286767381,6267.74162507845,10143,491,2418.83875740464,0.0484077689046633
"2020-09-30","Spain",1929.98163522928,2921.24140805846,9691,483,991.259772829182,0.0498400577855742
"2020-10-31","Spain",2462.80800247238,3661.72622664013,9313,477,1198.91822416775,0.0512187265113282
"2020-11-30","Spain",2958.39055357709,4074.76093821076,9186,446,1116.37038463367,0.0485521445678206
"2020-12-31","Spain",3066.03417840417,4352.8003073008,9063,456,1286.76612889663,0.050314465408805
"2021-01-31","Spain",5787.50996674934,9391.69233983104,10371,517,3604.1823730817,0.0498505447883521
"2021-02-28","Spain",4954.00470498067,6861.8546122403,11103,559,1907.84990725963,0.0503467531297847
"2021-03-31","Spain",6301.34864833277,7737.80637079246,11096,565,1436.45772245968,0.0509192501802451
"2021-04-30","Spain",4143.11986484587,5301.32196014804,11212,539,1158.20209530217,0.0480734926864074
"2021-05-31","Spain",6378.34123893109,8580.48224541447,10548,530,2202.14100648338,0.0502464922260144
"2021-06-30","Spain",3767.38283610252,5915.03797042109,11343,575,2147.65513431857,0.0506920567751036
"2021-07-31","Spain",5324.09640500882,7361.85837694234,11109,561,2037.76197193352,0.0504995949230354
"2021-08-31","Spain",3145.29200182958,4804.08406493421,11296,574,1658.79206310463,0.050814447592068
"2021-09-30","Spain",4607.09062346735,6958.25256390566,11330,578,2351.16194043831,0.0510150044130627
"2021-10-31","Spain",4861.62224825456,6865.30277594525,10419,507,2003.68052769069,0.0486610999136193
"2021-11-30","Spain",3457.97628897755,5102.27158635484,11358,561,1644.29529737729,0.049392498679345
"2021-12-31","Spain",4568.31934381327,5898.65654123572,11293,562,1330.33719742245,0.0497653413619056
"2022-01-31","Spain",5297.07637086179,7621.14041089788,11864,596,2324.06404003609,0.050236008091706
"2022-02-28","Spain",7580.17206301631,10619.4881018618,11648,579,3039.31603884554,0.0497081043956044
"2022-03-31","Spain",6496.99247157427,10282.3713349797,11304,576,3785.37886340545,0.0509554140127389
"2022-04-30","Spain",6446.94809345856,10042.1853854553,11850,605,3595.23729199676,0.0510548523206751
"2022-05-31","Spain",6301.34864833277,9108.95185817705,12254,609,2807.60320984427,0.0496980577770524
"2022-06-30","Spain",6324.48699351867,9514.25115479774,12532,631,3189.76416127907,0.0503511011809767
"2022-07-31","Spain",6301.34864833277,7901.92447020721,12181,607,1600.57582187444,0.0498317051145226
"2022-08-31","Spain",6301.34864833277,9008.3983495721,11459,576,2707.04970123933,0.0502661663321407
"2022-09-30","Spain",4996.73638049201,8167.40413882454,12401,612,3170.66775833253,0.0493508588017095
"2022-10-31","Spain",5839.59228877925,7349.46636421642,11304,578,1509.87407543717,0.0511323425336164
"2022-11-30","Spain",5271.51803428893,7149.71434235706,12571,624,1878.19630806813,0.0496380558428128
"2022-12-31","Spain",5780.52046407545,8404.64482552066,12936,629,2624.12436144521,0.0486239950525665
"2023-01-31","Spain",6301.34864833277,11084.4131338935,13177,660,4783.06448556073,0.0500872732791986
"2023-02-28","Spain",7826.83215548923,12054.916776002,12636,619,4228.08462051282,0.0489870212092434
"2023-03-31","Spain",8050.29805195619,12695.882160091,12563,621,4645.58410813484,0.0494308684231473
"2023-04-30","Spain",8588.62094142548,11612.8151275165,12712,632,3024.19418609105,0.0497168030207678
"2023-05-31","Spain",7819.43111308656,10628.2535810672,13376,668,2808.82246798063,0.0499401913875598
"2023-06-30","Spain",7481.59299941282,10884.5381834395,12330,616,3402.9451840267,0.0499594484995945
"2023-07-31","Spain",6301.34864833277,10209.980217987,12906,628,3908.63156965421,0.0486595381992872
"2023-08-31","Spain",6301.34864833277,10971.1735188344,13057,661,4669.82487050167,0.0506241862602436
"2023-09-30","Spain",7302.11324985192,9754.13576422605,12563,615,2452.02251437413,0.0489532754915227
"2023-10-31","Spain",6301.34864833277,8670.79196020543,13111,664,2369.44331187265,0.0506444969872626
"2023-11-30","Spain",7807.57686011309,10118.3806459733,12692,624,2310.80378586016,0.0491648282382603
"2023-12-31","Spain",8283.35952040227,10871.5613982965,13553,678,2588.20187789427,0.0500258245406921
"2024-01-31","Spain",6301.34864833277,11699.1547916319,13191,656,5397.80614329915,0.0497308771131832
"2024-02-29","Spain",9547.04876135077,12917.792656516,13379,679,3370.74389516527,0.0507511772180283
"2024-03-31","Spain",10384.6931514955,13811.3366591973,13184,674,3426.64350770185,0.051122572815534
"2024-04-30","Spain",11200.7432841914,14500.3959986532,14255,712,3299.65271446177,0.0499473868817959
"2024-05-31","Spain",10782.387246823,14477.728868542,14628,742,3695.34162171899,0.0507246376811594
"2024-06-30","Spain",11616.8302882372,14921.6615837605,13706,678,3304.83129552332,0.0494673865460382
"2024-07-31","Spain",9336.31916708366,12100.1613972286,13301,672,2763.84223014497,0.0505225171039771
"2024-08-31","Spain",6301.34864833277,12625.3016880403,13906,709,6323.95303970752,0.0509851862505393
"2024-09-30","Spain",7354.84393236234,11365.6317838472,13582,678,4010.78785148484,0.049919010455014
"2024-10-31","Spain",6301.34864833277,13721.1100766664,13848,689,7419.76142833367,0.0497544771808203
"2024-11-30","Spain",8419.95335153886,12843.9078501101,13986,690,4423.95449857126,0.0493350493350493
"2024-12-31","Spain",9730.48133589412,12172.9372593264,13695,686,2442.45592343227,0.0500912741876597
"2020-01-31","Netherlands",4036.45036767388,5679.41063113238,9803,495,1642.9602634585,0.0504947465061716
"2020-02-29","Netherlands",4466.89563897436,6765.62725558122,10364,509,2298.73161660686,0.0491123118487071
"2020-03-31","Netherlands",6301.34864833277,4228.90543843332,10595,536,-2072.44320989945,0.0505899008966494
"2020-04-30","Netherlands",6301.34864833277,4488.02118422726,10451,521,-1813.32746410551,0.0498516888336044
"2020-05-31","Netherlands",3231.8290626776,5155.97237521693,9982,504,1924.14331253933,0.0504908835904628
"2020-06-30","Netherlands",5497.49191742803,6890.00000619224,9842,481,1392.50808876421,0.0488721804511278
"2020-07-31","Netherlands",4342.9494405329,6885.13076805959,10284,510,2542.18132752669,0.0495915985997666
"2020-08-31","Netherlands",3143.11742244626,4886.32478420644,9254,448,1743.20736176018,0.048411497730711
"2020-09-30","Netherlands",3632.7180881047,5147.22024406031,9909,500,1514.50215595561,0.0504591785245736
"2020-10-31","Netherlands",3503.67259782169,5762.97967620468,9958,484,2259.30707838299,0.0486041373769833
"2020-11-30","Netherlands",3322.96075976349,4510.94026056085,10482,534,1187.97950079736,0.0509444762449914
"2020-12-31","Netherlands",6301.34864833277,4201.7414269766,10628,547,-2099.60722135618,0.0514678208505834
"2021-01-31","Netherlands",5617.73081228226,8498.6084306734,10754,543,2880.87761839114,0.0504928398735354
"2021-02-28","Netherlands",5463.64984737422,8610.48779674478,11498,596,3146.83794937056,0.0518351017568273
"2021-03-31","Netherlands",6149.22214042765,8258.14212580326,11250,556,2108.91998537561,0.0494222222222222
"2021-04-30","Netherlands",5384.52886370861,8743.73701376177,11189,556,3359.20815005316,0.049691661453213
"2021-05-31","Netherlands",6067.67460456478,7700.94552864519,12109,600,1633.27092408041,0.0495499215459576
"2021-06-30","Netherlands",5784.48120551548,8538.7404625375,11162,551,2754.25925702202,0.0493639132771905
"2021-07-31","Netherlands",5639.12101248542,8279.84233304571,11070,566,2640.72132056029,0.0511291779584463
"2021-08-31","Netherlands",3335.72612024051,4517.10494409838,10536,515,1181.37882385786,0.0488800303720577
"2021-09-30","Netherlands",4777.27840409565,7103.66795720408,10498,537,2326.38955310843,0.0511526004953324
"2021-10-31","Netherlands",4379.55083809238,6035.39240357836,10727,543,1655.84156548598,0.0506199310151953
"2021-11-30","Netherlands",4536.7297198118,6597.22322469869,11053,541,2060.49350488689,0.0489459875147019
"2021-12-31","Netherlands",4039.60059002932,5947.60157109036,11556,576,1908.00098106104,0.0498442367601246
"2022-01-31","Netherlands",5870.37241335323,9312.69658290089,10597,534,3442.32416954766,0.0503916202698877
"2022-02-28","Netherlands",5217.92633880378,8413.32748186695,11282,577,3195.40114306317,0.0511434142882468
"2022-03-31","Netherlands",7516.43218436363,9537.63008527986,11677,589,2021.19790091623,0.0504410379378265
"2022-04-30","Netherlands",7222.20162800163,9791.85932015522,12600,638,2569.65769215359,0.0506349206349206
"2022-05-31","Netherlands",7160.41218589073,9120.385597176,11460,567,1959.97341128526,0.0494764397905759
"2022-06-30","Netherlands",7006.7788136083,9394.99633617444,11443,574,2388.21752256614,0.0501616708905007
"2022-07-31","Netherlands",7421.81533693639,9584.51784227306,12637,623,2162.70250533667,0.0492996755559073
"2022-08-31","Netherlands",6301.34864833277,6896.38023689197,11527,595,595.031588559192,0.051617940487551
"2022-09-30","Netherlands",6799.41288948127,10861.5696749402,12303,626,4062.15678545889,0.0508818987238885
"2022-10-31","Netherlands",4505.45832717103,6358.93979440157,12072,614,1853.48146723054,0.0508614976805832
"2022-11-30","Netherlands",5201.6359739615,8172.19537468133,11891,603,2970.55940071983,0.0507106214784291
"2022-12-31","Netherlands",5697.16309394115,9244.37005337094,11890,587,3547.20695942979,0.0493692178301093
"2023-01-31","Netherlands",6301.34864833277,12589.6996383435,13328,667,6288.35099001073,0.0500450180072029
"2023-02-28","Netherlands",6301.34864833277,9390.75281046223,13271,657,3089.40416212945,0.049506442619245
"2023-03-31","Netherlands",9257.47104827928,12792.1941584482,13911,690,3534.72311016887,0.049601035152038
"2023-04-30","Netherlands",6301.34864833277,10203.5473083333,13023,656,3902.19866000051,0.0503724180296399
"2023-05-31","Netherlands",7851.27215406656,13032.4569663822,13221,655,5181.1848123156,0.049542394675138
"2023-06-30","Netherlands",6519.71747467261,10728.5210360328,13113,656,4208.80356136016,0.0500266910699306
"2023-07-31","Netherlands",6958.20615552956,11131.9752766897,13845,675,4173.76912116014,0.0487540628385699
"2023-08-31","Netherlands",7820.23927908316,10190.7851797003,12173,611,2370.54590061716,0.0501930501930502
"2023-09-30","Netherlands",5724.39786842964,9445.73405818442,12646,631,3721.33618975478,0.0498972006958722
"2023-10-31","Netherlands",6301.34864833277,10278.5092724966,12562,627,3977.16062416387,0.0499124343257443
"2023-11-30","Netherlands",7800.89676554139,10370.8898477625,14051,688,2569.99308222112,0.0489644865134154
"2023-12-31","Netherlands",6301.34864833277,10439.8498976055,12982,646,4138.50124927277,0.0497612078262209
"2024-01-31","Netherlands",7178.22335420043,11832.151377579,13601,696,4653.92802337861,0.0511727078891258
"2024-02-29","Netherlands",6301.34864833277,12488.1238194382,13745,692,6186.77517110541,0.0503455802109858
"2024-03-31","Netherlands",6301.34864833277,13412.6443169207,14015,699,7111.29566858792,0.0498751337852301
"2024-04-30","Netherlands",9699.22866098,14600.769308415,15105,745,4901.54064743501,0.0493214167494207
"2024-05-31","Netherlands",8224.6545008046,12977.1062976947,13333,685,4752.45179689015,0.0513762844071102
"2024-06-30","Netherlands",6301.34864833277,13314.81330341,13840,699,7013.46465507726,0.0505057803468208
"2024-07-31","Netherlands",9551.74883439507,13873.9988167659,14311,699,4322.24998237082,0.0488435469219482
"2024-08-31","Netherlands",8537.34959450399,12094.5263372524,13744,700,3557.17674274845,0.0509313154831199
"2024-09-30","Netherlands",6984.39360107428,10648.3240569035,13489,668,3663.93045582927,0.0495218326043443
"2024-10-31","Netherlands",9882.36507577109,12354.0640035142,13475,657,2471.69892774309,0.0487569573283859
"2024-11-30","Netherlands",6301.34864833277,11812.2002923707,14591,730,5510.8516440379,0.05003084092934
"2024-12-31","Netherlands",10679.3019176711,13661.0961627924,14242,704,2981.79424512133,0.0494312596545429
"2020-01-31","Sweden",3318.69645146051,4401.14478280196,9470,459,1082.44833134145,0.0484688489968321
"2020-02-29","Sweden",1686.36401754179,2491.01011599697,10440,509,804.646098455183,0.0487547892720307
"2020-03-31","Sweden",3667.97331882221,5206.26445983386,10563,522,1538.29114101165,0.0494177790400454
"2020-04-30","Sweden",5046.69385216865,6979.56939913687,10124,501,1932.87554696822,0.0494863690241011
"2020-05-31","Sweden",2134.16895902219,3203.26372149609,9798,502,1069.0947624739,0.051234945907328
"2020-06-30","Sweden",4322.47387904044,6968.7044705752,9846,496,2646.23059153476,0.0503757871216738
"2020-07-31","Sweden",4366.86515885705,6599.933862036,9637,468,2233.06870317895,0.0485628307564595
"2020-08-31","Sweden",6301.34864833277,4369.79645011935,10336,512,-1931.55219821343,0.0495356037151703
"2020-09-30","Sweden",6301.34864833277,3445.45579112513,9078,456,-2855.89285720765,0.0502313284864508
"2020-10-31","Sweden",6301.34864833277,4026.09765841655,10354,516,-2275.25098991623,0.0498358122464748
"2020-11-30","Sweden",1553.62219028302,2161.91239541174,10230,524,608.29020512872,0.0512218963831867
"2020-12-31","Sweden",3655.13214393913,5456.61682325952,10184,518,1801.48467932039,0.0508641005498822
"2021-01-31","Sweden",5035.201617005,6882.85975527593,10897,543,1847.65813827093,0.0498302285032578
"2021-02-28","Sweden",5116.15922773463,6444.49003002574,10947,534,1328.33080229111,0.048780487804878
"2021-03-31","Sweden",4958.76216862883,8231.97040557489,11306,569,3273.20823694606,0.0503272598620202
"2021-04-30","Sweden",6301.34864833277,7528.10410194636,10827,551,1226.75545361358,0.0508912902927866
"2021-05-31","Sweden",5576.57509088775,7862.83142860327,10635,524,2286.25633771552,0.0492712740949694
"2021-06-30","Sweden",5784.89598716255,7308.91410523518,10625,522,1524.01811807263,0.0491294117647059
"2021-07-31","Sweden",5633.89193058927,7841.65292604259,11379,577,2207.76099545332,0.0507074435363389
"2021-08-31","Sweden",5208.18635606461,6719.78259036261,11506,570,1511.596234298,0.0495393707630801
"2021-09-30","Sweden",4289.40870852512,5970.53812906626,10555,527,1681.12942054114,0.049928943628612
"2021-10-31","Sweden",2775.85684840892,4266.5227140749,11061,554,1490.66586566598,0.0500858873519573
"2021-11-30","Sweden",3400.50472361602,5505.65302432413,11284,577,2105.14830070811,0.0511343495214463
"2021-12-31","Sweden",4485.05240423042,5614.32891251444,11206,562,1129.27650828402,0.0501517044440478
"2022-01-31","Sweden",7575.54390859532,10129.3234532435,11946,590,2553.77954464814,0.0493889167922317
"2022-02-28","Sweden",6301.34864833277,9541.4432540071,11490,581,3240.09460567433,0.0505657093124456
"2022-03-31","Sweden",6352.37772463605,9736.76448626044,11725,594,3384.38676162439,0.0506609808102345
"2022-04-30","Sweden",8447.63243967747,11049.121890482,12075,605,2601.48945080454,0.0501035196687371
"2022-05-31","Sweden",6970.41253314899,9238.45646754781,12262,605,2268.04393439882,0.0493394226064264
"2022-06-30","Sweden",6301.34864833277,7432.88368825274,11749,587,1131.53503991997,0.0499616988679888
"2022-07-31","Sweden",6301.34864833277,9584.01310109647,11732,573,3282.66445276369,0.0488407773610638
"2022-08-31","Sweden",5856.80556015194,8191.57090520525,11954,589,2334.76534505331,0.0492722101388657
"2022-09-30","Sweden",5862.40410382517,9366.78271187877,12202,612,3504.3786080536,0.0501557121783314
"2022-10-31","Sweden",4712.01055720172,6547.24410155323,11863,575,1835.23354435151,0.0484700328753266
"2022-11-30","Sweden",5234.75237137548,7247.27819021678,12303,614,2012.5258188413,0.0499065268633667
"2022-12-31","Sweden",5889.59807161375,9197.78823848594,11505,576,3308.19016687219,0.0500651890482399
"2023-01-31","Sweden",8323.67677400602,10463.9663356085,13260,648,2140.28956160252,0.048868778280543
"2023-02-28","Sweden",8369.83460943165,10998.4549306672,12633,631,2628.62032123554,0.049948547455078
"2023-03-31","Sweden",6301.34864833277,10364.082784484,13132,659,4062.73413615125,0.0501827596710326
"2023-04-30","Sweden",9206.49475717255,13317.6311768396,12841,625,4111.13641966701,0.0486722217895803
"2023-05-31","Sweden",9336.38291511674,12267.0568269825,13476,669,2930.67391186579,0.0496438112199466
"2023-06-30","Sweden",8018.54614707968,10463.1282429085,13442,669,2444.58209582885,0.0497693795566136
"2023-07-31","Sweden",7526.77229551887,9937.05522817633,13244,660,2410.28293265746,0.0498338870431894
"2023-08-31","Sweden",8150.59975458266,10469.7346852867,12646,636,2319.13493070408,0.0502925826348252
"2023-09-30","Sweden",5922.76410406803,9702.18818212228,13535,671,3779.42407805425,0.0495751754710011
"2023-10-31","Sweden",6529.34490434591,9230.73196303648,13204,660,2701.38705869057,0.0499848530748258
"2023-11-30","Sweden",5730.88336885156,9193.83410943277,13314,664,3462.95074058121,0.049872314856542
"2023-12-31","Sweden",6301.34864833277,11151.0023553147,13276,652,4849.65370698191,0.0491111780656824
"2024-01-31","Sweden",10329.2859094662,13830.9671542768,14363,732,3501.68124481059,0.0509642832277379
"2024-02-29","Sweden",9333.34459826398,13021.446799092,14263,706,3688.10220082807,0.0494987029376709
"2024-03-31","Sweden",10333.8992278397,14463.8880060927,13818,704,4129.988778253,0.0509480387899841
"2024-04-30","Sweden",10734.1610880002,13752.6635549264,13991,700,3018.50246692619,0.0500321635337002
"2024-05-31","Sweden",10703.3567719711,14207.5677473121,13433,668,3504.21097534096,0.0497282810987866
"2024-06-30","Sweden",10760.8445225496,13561.6008646049,14393,706,2800.7563420553,0.0490516223164038
"2024-07-31","Sweden",6301.34864833277,11775.7391020534,14287,723,5474.39045372066,0.0506054455099041
"2024-08-31","Sweden",9640.71466070709,14385.6392760848,13709,677,4744.9246153777,0.0493836166022321
"2024-09-30","Sweden",8885.98596878264,13053.6068376181,14071,721,4167.62086883545,0.0512401392935825
"2024-10-31","Sweden",8635.07320377338,12369.8085146552,14383,704,3734.73531088184,0.0489466731558089
"2024-11-30","Sweden",9092.39239137239,12418.1566667291,13727,674,3325.76427535674,0.0491003132512566
"2024-12-31","Sweden",8608.86094750064,12719.3481144655,13681,677,4110.48716696489,0.0494846867919012
"2020-01-31","Finland",3597.3444153036,5530.21074843088,10384,521,1932.86633312728,0.050173343605547
"2020-02-29","Finland",6301.34864833277,5834.71991275227,10319,525,-466.628735580508,0.0508770229673418
"2020-03-31","Finland",3115.95494291783,5014.49047483825,10436,529,1898.53553192042,0.0506899195093906
"2020-04-30","Finland",3855.36973714182,6111.94804982205,9087,467,2256.57831268023,0.051392098602399
"2020-05-31","Finland",4355.3178209471,5719.79837014604,9289,462,1364.48054919894,0.0497362471740769
"2020-06-30","Finland",4023.73448703305,5965.17968837611,10207,501,1941.44520134306,0.0490839619868718
"2020-07-31","Finland",4800.07386869378,6290.13771363691,10542,528,1490.06384494313,0.0500853727945361
"2020-08-31","Finland",4345.13398868089,5713.20480680034,9614,498,1368.07081811945,0.0517994591221136
"2020-09-30","Finland",3298.26748228882,5101.84418734376,9522,473,1803.57670505494,0.0496744381432472
"2020-10-31","Finland",2939.15012541623,4598.21459815959,10716,541,1659.06447274336,0.0504852556924225
"2020-11-30","Finland",3133.62792682063,4343.50435540403,10132,501,1209.8764285834,0.0494472956968022
"2020-12-31","Finland",3425.42589162254,4741.60097500275,9250,468,1316.17508338021,0.0505945945945946
"2021-01-31","Finland",6301.34864833277,6514.7826750746,10619,524,213.43402674183,0.0493455127601469
"2021-02-28","Finland",6301.34864833277,6822.62622094287,10787,519,521.277572610096,0.0481134699174933
"2021-03-31","Finland",4024.41453921605,6523.26941837073,10509,520,2498.85487915468,0.049481396897897
"2021-04-30","Finland",7928.39336668359,10150.1083662289,10732,526,2221.71499954532,0.0490122996645546
"2021-05-31","Finland",4638.57068917608,7708.54636396656,11750,577,3069.97567479048,0.0491063829787234
"2021-06-30","Finland",5531.9825323387,7352.85474724197,11613,583,1820.87221490327,0.0502023594247826
"2021-07-31","Finland",5005.36190742642,6839.0597002798,10515,533,1833.69779285338,0.0506894912030433
"2021-08-31","Finland",3832.01907642819,6063.9906028619,11183,563,2231.97152643371,0.0503442725565591
"2021-09-30","Finland",4844.61512179129,6644.16905488499,10398,520,1799.5539330937,0.0500096172340835
"2021-10-31","Finland",3331.52283157795,5496.72512498974,10495,523,2165.20229341179,0.0498332539304431
"2021-11-30","Finland",5684.45622515355,7615.34980834245,10722,534,1930.8935831889,0.0498041410184667
"2021-12-31","Finland",3586.78097763934,5491.46596248941,10758,538,1904.68498485007,0.0500092954080684
"2022-01-31","Finland",6893.43218066853,10250.8084999336,11877,589,3357.37631926505,0.0495916477224888
"2022-02-28","Finland",7329.45856069056,10508.4031247791,12384,614,3178.94456408852,0.0495801033591731
"2022-03-31","Finland",7239.70027195328,9378.49169362719,11902,591,2138.79142167391,0.0496555200806587
"2022-04-30","Finland",7350.29386537479,9347.33871106002,11626,583,1997.04484568523,0.0501462239807328
"2022-05-31","Finland",7417.05263217896,11805.8481370899,11991,616,4388.7955049109,0.0513718622300058
"2022-06-30","Finland",7480.97249047338,9705.3013662617,11443,584,2224.32887578832,0.0510355675959102
"2022-07-31","Finland",6301.34864833277,8809.11561948821,11313,561,2507.76697115543,0.0495889684433837
"2022-08-31","Finland",6027.73557348409,7777.59545527183,11636,577,1749.85988178774,0.0495874871089722
"2022-09-30","Finland",4891.1781686409,7247.11572407282,11895,595,2355.93755543192,0.050021017234132
"2022-10-31","Finland",6034.53523372681,8774.92602686752,12028,598,2740.39079314071,0.0497173262387762
"2022-11-30","Finland",6402.98977366419,9132.44239433629,11631,579,2729.4526206721,0.0497807583182873
"2022-12-31","Finland",7778.59893858427,9754.99192186973,13730,688,1976.39298328546,0.050109249817917
"2023-01-31","Finland",7676.8321422736,9901.48650904323,13497,662,2224.65436676963,0.0490479365784989
"2023-02-28","Finland",7574.12717065787,11254.6770872051,13039,659,3680.54991654723,0.0505406856354015
"2023-03-31","Finland",8243.91321237147,13345.8783770103,12690,646,5101.9651646388,0.0509062253743105
"2023-04-30","Finland",8804.4670557021,11994.5778221998,13266,671,3190.11076649773,0.0505804311774461
"2023-05-31","Finland",8713.23916533349,12903.7237439869,12915,644,4190.48457865344,0.0498644986449865
"2023-06-30","Finland",8432.61116857772,13407.1388443022,13094,665,4974.52767572448,0.0507866198258744
"2023-07-31","Finland",6792.50117626427,10115.1828867908,12999,648,3322.68171052655,0.0498499884606508
"2023-08-31","Finland",8454.12902582947,12265.0104216265,12470,636,3810.88139579701,0.0510024057738573
"2023-09-30","Finland",7978.10425089276,12442.6293421428,12762,658,4464.52509125006,0.051559316721517
"2023-10-31","Finland",7453.52190377841,10365.5513803325,13600,672,2912.02947655413,0.0494117647058823
"2023-11-30","Finland",6683.39655833875,10923.7205158112,12896,637,4240.32395747245,0.0493951612903226
"2023-12-31","Finland",7688.87361555496,10079.2138494012,13707,691,2390.34023384623,0.0504121981469322
"2024-01-31","Finland",6301.34864833277,12098.4045335822,13817,697,5797.05588524941,0.0504451038575668
"2024-02-29","Finland",9854.14164182071,15101.8244549096,14728,740,5247.68281308884,0.0502444323737099
"2024-03-31","Finland",9105.86324392817,13424.7100307037,15088,771,4318.84678677552,0.0511002120890774
"2024-04-30","Finland",9983.5280634509,13295.3996809972,13807,691,3311.87161754627,0.0500470775693489
"2024-05-31","Finland",10091.5022632664,13410.8272881165,14298,722,3319.32502485012,0.0504965729472654
"2024-06-30","Finland",8845.32803273689,13157.2181298811,14570,709,4311.8900971442,0.0486616334934798
"2024-07-31","Finland",6301.34864833277,12120.2827032621,13307,660,5818.93405492937,0.049597955963027
"2024-08-31","Finland",9886.16714204657,13068.1875127728,14256,725,3182.02037072619,0.0508557800224467
"2024-09-30","Finland",7943.81391858535,12118.9482003604,14912,767,4175.13428177508,0.0514350858369099
"2024-10-31","Finland",7603.79729925046,11825.4150238587,14112,705,4221.61772460824,0.0499574829931973
"2024-11-30","Finland",9054.43855054389,12451.1152727363,12903,640,3396.67672219243,0.0496008680151903
"2024-12-31","Finland",6301.34864833277,12533.122924396,13299,663,6231.77427606325,0.0498533724340176
"2020-01-31","Norway",2442.5844360127,3335.9303646197,9321,475,893.345928607001,0.050960197403712
"2020-02-29","Norway",4538.86184784986,5958.90918972532,10339,516,1420.04734187546,0.0499081149047297
"2020-03-31","Norway",4332.20804742507,5468.30218504138,9525,473,1136.09413761631,0.0496587926509186
"2020-04-30","Norway",6301.34864833277,5488.29494634502,9885,480,-813.053701987753,0.0485584218512898
"2020-05-31","Norway",4177.50136362143,6088.81919822354,9565,463,1911.31783460211,0.0484056455828542
"2020-06-30","Norway",6301.34864833277,5177.037989986,10075,513,-1124.31065834678,0.0509181141439206
"2020-07-31","Norway",2712.93143609921,4332.69590093031,9417,477,1619.7644648311,0.050653074227461
"2020-08-31","Norway",3186.78371381756,4304.49019107065,10814,541,1117.70647725309,0.0500277418161642
"2020-09-30","Norway",1924.58032043335,2882.58156142982,9307,472,958.001240996474,0.0507145159557322
"2020-10-31","Norway",1945.37290237074,2553.41538831529,8845,439,608.042485944548,0.0496325607687959
"2020-11-30","Norway",6301.34864833277,3967.49847181845,10161,510,-2333.85017651432,0.0501919102450546
"2020-12-31","Norway",2986.3123480621,4240.38900906031,9740,477,1254.07666099821,0.0489733059548255
"2021-01-31","Norway",3378.75432042654,5553.0769710314,11552,572,2174.32265060486,0.0495152354570637
"2021-02-28","Norway",5137.42763550831,6645.5599007271,10351,514,1508.13226521879,0.0496570379673461
"2021-03-31","Norway",6360.96515863357,8320.12324910343,11479,568,1959.15809046986,0.0494816621656939
"2021-04-30","Norway",4309.93289802369,6962.59737843251,11065,571,2652.66448040882,0.0516041572525983
"2021-05-31","Norway",5531.19920542676,7542.13922785095,10973,542,2010.94002242419,0.0493939670099335
"2021-06-30","Norway",4058.16573966339,5944.33161885287,10115,499,1886.16587918948,0.0493326742461691
"2021-07-31","Norway",5118.7384419042,6870.86302396419,10872,537,1752.12458205999,0.04939293598234
"2021-08-31","Norway",4612.71125898018,6382.6571621606,10842,541,1769.94590318042,0.0498985427042981
"2021-09-30","Norway",5780.60945953203,7767.75501269804,11059,548,1987.14555316601,0.0495524007595623
"2021-10-31","Norway",4894.16863416552,6872.36558101301,11836,586,1978.19694684749,0.049509969584319
"2021-11-30","Norway",4119.5412597627,6191.43122705449,11003,550,2071.88996729179,0.0499863673543579
"2021-12-31","Norway",5641.46502388908,7590.76452888452,10741,537,1949.29950499544,0.0499953449399497
"2022-01-31","Norway",7682.13739234891,9730.24452578894,11615,569,2048.10713344003,0.0489883770985794
"2022-02-28","Norway",7823.97555674097,10643.8412516405,12562,609,2819.86569489952,0.0484795414742875
"2022-03-31","Norway",6283.97107577095,9071.10067368779,11941,580,2787.12959791684,0.0485721463863998
"2022-04-30","Norway",6167.15127724484,9354.01556618861,12312,614,3186.86428894377,0.0498700454840806
"2022-05-31","Norway",7400.12156762283,10103.9306027767,12099,605,2703.80903515391,0.0500041325729399
"2022-06-30","Norway",7294.75197742139,10330.7895439187,11482,569,3036.03756649728,0.0495558265110608
"2022-07-31","Norway",8155.77966897879,10248.7329956378,12050,584,2092.95332665904,0.0484647302904564
"2022-08-31","Norway",5904.40805128792,9736.80957316495,11736,589,3832.40152187703,0.0501874573960464
"2022-09-30","Norway",6043.65914935625,7723.47357703898,11700,591,1679.81442768273,0.0505128205128205
"2022-10-31","Norway",5325.25653325919,8118.81149457812,12491,614,2793.55496131893,0.0491553918821552
"2022-11-30","Norway",6301.34864833277,8549.39007382599,11762,604,2248.04142549322,0.0513518109165108
"2022-12-31","Norway",6301.34864833277,9068.12973097744,11824,593,2766.78108264466,0.0501522327469553
"2023-01-31","Norway",8544.82386946598,11226.8063363157,12705,637,2681.9824668497,0.050137741046832
"2023-02-28","Norway",6045.19501430304,8954.63449021238,13559,686,2909.43947590934,0.050593701600413
"2023-03-31","Norway",9449.15121437969,12171.1836825236,13881,718,2722.03246814396,0.051725380015849
"2023-04-30","Norway",7972.84225026,11687.4836265391,13148,655,3714.64137627913,0.0498174627319744
"2023-05-31","Norway",7016.21909367142,9983.29893467924,12287,610,2967.07984100782,0.0496459672824937
"2023-06-30","Norway",7791.07477247583,11046.7147343414,12910,643,3255.63996186554,0.0498063516653757
"2023-07-31","Norway",6301.34864833277,11724.375116963,13341,666,5423.02646863021,0.0499212952552282
"2023-08-31","Norway",7188.49318739239,11106.2389955165,12742,648,3917.74580812409,0.0508554387066395
"2023-09-30","Norway",7707.21498357167,10761.8101766229,13671,696,3054.59519305127,0.0509106868553873
"2023-10-31","Norway",6296.07684718311,9464.2850923408,13366,673,3168.20824515769,0.05035163848571
"2023-11-30","Norway",7804.55347092923,11679.7936753989,13410,658,3875.24020446972,0.0490678598061148
"2023-12-31","Norway",8400.02775095166,12563.9209370457,13622,681,4163.89318609407,0.0499926589340772
"2024-01-31","Norway",10444.2838753748,13292.7288467547,13612,673,2848.44497137986,0.0494416691154863
"2024-02-29","Norway",9805.08016310672,13788.871225256,13548,672,3983.79106214926,0.0496014171833481
"2024-03-31","Norway",9594.90326603084,14330.4132774506,14552,709,4735.51001141973,0.0487218251786696
"2024-04-30","Norway",9404.81656246845,13273.8330090329,14094,694,3869.01644656447,0.049240811692919
"2024-05-31","Norway",6301.34864833277,13407.6478772126,13254,658,7106.29922887984,0.049645390070922
"2024-06-30","Norway",6301.34864833277,12937.5821897374,15140,761,6636.23354140465,0.0502642007926024
"2024-07-31","Norway",8466.03958363843,12493.897929244,14184,701,4027.85834560558,0.0494218838127468
"2024-08-31","Norway",9029.53911900772,12831.8682115131,14385,720,3802.32909250539,0.0500521376433785
"2024-09-30","Norway",6301.34864833277,11935.545036022,14036,705,5634.19638768923,0.0502279851809632
"2024-10-31","Norway",8897.01559720806,11738.0815547884,13948,699,2841.0659575803,0.0501147117866361
"2024-11-30","Norway",8621.75661384468,11557.8288844133,13719,693,2936.0722705686,0.0505138858517385
"2024-12-31","Norway",6301.34864833277,12620.3349740992,14273,701,6318.98632576642,0.0491137112029706
"2020-01-31","Denmark",3236.82463741487,4888.19310468166,10426,521,1651.36846726679,0.0499712257816996
"2020-02-29","Denmark",5555.03737409531,6952.50531515571,9448,493,1397.4679410604,0.0521803556308213
"2020-03-31","Denmark",6301.34864833277,6006.55395995161,10129,497,-294.794688381164,0.0490670352453352
"2020-04-30","Denmark",5618.83686618843,8351.51688751897,9717,497,2732.68002133054,0.0511474735000515
"2020-05-31","Denmark",4725.34134795192,6263.3741362221,10009,497,1538.03278827017,0.0496553102208013
"2020-06-30","Denmark",4219.10820327326,6691.88660951225,9846,485,2472.77840623899,0.0492585821653463
"2020-07-31","Denmark",3703.61147622967,4745.52834415609,10228,505,1041.91686792642,0.0493742667188111
"2020-08-31","Denmark",1619.49332902401,2088.37453494408,10285,503,468.881205920068,0.0489061740398639
"2020-09-30","Denmark",3237.53018687357,4901.36333035252,8555,422,1663.83314347895,0.0493278784336645
"2020-10-31","Denmark",6301.34864833277,4163.21352189398,8295,417,-2138.1351264388,0.0502712477396022
"2020-11-30","Denmark",1416.22943917378,1771.71919643277,9382,468,355.489757258993,0.0498827542101897
"2020-12-31","Denmark",6301.34864833277,6715.61669881531,10002,514,414.268050482534,0.0513897220555889
"2021-01-31","Denmark",5880.41535008138,7465.77480082436,11731,582,1585.35945074298,0.0496121387775978
"2021-02-28","Denmark",5772.02492047628,7973.25383694874,12047,588,2201.22891647246,0.0488088320743754
"2021-03-31","Denmark",4964.37623901622,6957.17667002084,11124,546,1992.80043100462,0.0490830636461704
"2021-04-30","Denmark",6447.52414135885,8626.50957661504,11859,601,2178.98543525619,0.0506788093431149
"2021-05-31","Denmark",4699.229286049,7304.56285550095,9813,508,2605.33356945195,0.0517680627738714
"2021-06-30","Denmark",6714.38814728739,8910.44294804622,12007,597,2196.05480075883,0.0497209960856167
"2021-07-31","Denmark",3810.27168787079,6156.46075716127,11519,581,2346.18906929048,0.0504384061116416
"2021-08-31","Denmark",4161.70154883566,6675.32882757785,10243,524,2513.62727874219,0.051156887630577
"2021-09-30","Denmark",4421.98708955606,5702.51603086075,10718,546,1280.52894130469,0.0509423399888039
"2021-10-31","Denmark",3374.03424261541,4595.97821928018,10470,510,1221.94397666477,0.0487106017191977
"2021-11-30","Denmark",3854.20484196354,6311.80778663323,10279,529,2457.60294466969,0.0514641502091643
"2021-12-31","Denmark",4690.55941800988,6505.03005593734,11486,577,1814.47063792746,0.0502350687793836
"2022-01-31","Denmark",6961.7628612295,10109.2267514393,11338,571,3147.46389020985,0.0503616158052567
"2022-02-28","Denmark",6443.76451011763,9409.03803925697,11394,576,2965.27352913934,0.0505529225908373
"2022-03-31","Denmark",6838.32777742265,9221.70674666341,12681,613,2383.37896924076,0.0483400362747417
"2022-04-30","Denmark",5869.89336300713,8635.69538760295,11452,585,2765.80202459582,0.0510827803003842
"2022-05-31","Denmark",6357.53659482006,10456.9433099155,12248,627,4099.40671509543,0.0511920313520575
"2022-06-30","Denmark",7391.06286614793,10404.9119708966,11932,599,3013.8491047487,0.0502011397921555
"2022-07-31","Denmark",7674.78034061545,10028.6934085775,12156,611,2353.91306796204,0.0502632444883185
"2022-08-31","Denmark",4615.41918778403,7315.08315764484,12506,636,2699.66396986081,0.0508555893171278
"2022-09-30","Denmark",4502.04005198946,6529.62805406157,11279,551,2027.58800207211,0.0488518485681355
"2022-10-31","Denmark",6179.14035452358,9089.03342589679,12547,618,2909.8930713732,0.049254801944688
"2022-11-30","Denmark",5699.0082555536,8793.0125499409,12181,609,3094.0042943873,0.0499958952466957
"2022-12-31","Denmark",6301.34864833277,10249.3494462482,12211,598,3948.0007979154,0.048972238145934
"2023-01-31","Denmark",6942.50126210068,11070.4549466518,12280,613,4127.9536845511,0.0499185667752443
"2023-02-28","Denmark",7039.57491747267,10178.0850350223,13580,672,3138.51011754959,0.0494845360824742
"2023-03-31","Denmark",6301.34864833277,11739.6621982713,11939,602,5438.31354993854,0.0504229834994556
"2023-04-30","Denmark",9748.20726814151,13795.937372683,12963,656,4047.73010454151,0.0506055696983723
"2023-05-31","Denmark",7580.56156970422,12089.5070189813,12961,661,4508.9454492771,0.050999151300054
"2023-06-30","Denmark",6301.34864833277,11828.4290469021,13514,663,5527.08039856937,0.0490602338315821
"2023-07-31","Denmark",8473.36261961269,11391.2041479417,12413,626,2917.84152832903,0.0504309997583179
"2023-08-31","Denmark",8151.39958809239,10877.21837266,12569,616,2725.81878456762,0.0490094677380858
"2023-09-30","Denmark",8526.41277081156,11859.3045414843,13801,694,3332.8917706727,0.05028621114412
"2023-10-31","Denmark",6301.34864833277,9662.97659596655,12681,622,3361.62794763378,0.0490497594826906
"2023-11-30","Denmark",5631.97344574782,8556.53906903133,12735,638,2924.56562328351,0.0500981546917943
"2023-12-31","Denmark",6301.34864833277,12523.0271432516,13367,667,6221.67849491885,0.0498990050123438
"2024-01-31","Denmark",10201.9782202596,14289.605172184,13853,681,4087.62695192437,0.0491590269255757
"2024-02-29","Denmark",9909.65799889701,13538.12805594,14513,720,3628.47005704295,0.0496106938606766
"2024-03-31","Denmark",8818.4914434371,14693.1380161973,14086,707,5874.6465727602,0.0501916796819537
"2024-04-30","Denmark",10510.7472878878,14272.3886855668,12838,643,3761.64139767901,0.0500856831282131
"2024-05-31","Denmark",10442.7312332554,13318.6488978095,14422,708,2875.91766455412,0.0490916655110248
"2024-06-30","Denmark",8291.8557119127,13541.3758474317,13203,644,5249.52013551896,0.0487767931530713
"2024-07-31","Denmark",6301.34864833277,14500.619868239,13265,663,8199.27121990622,0.0499811534112326
"2024-08-31","Denmark",10111.6726135983,12728.3553328807,14144,699,2616.68271928239,0.0494202488687783
"2024-09-30","Denmark",6301.34864833277,10447.0719352467,13519,670,4145.72328691391,0.0495598786892522
"2024-10-31","Denmark",9134.1573866804,13540.8882749589,14620,739,4406.73088827847,0.050547195622435
"2024-11-30","Denmark",7904.2350197178,12421.7777940847,13608,676,4517.54277436694,0.0496766607877719
"2024-12-31","Denmark",8500.51919520594,11413.2153171371,15208,762,2912.69612193111,0.0501052077853761
"2020-01-31","Poland",2958.15919448088,4528.66704421543,9783,498,1570.50784973455,0.0509046304814474
"2020-02-29","Poland",3150.98033512179,4501.71246272432,10413,522,1350.73212760253,0.0501296456352636
"2020-03-31","Poland",3407.53209161769,4591.11070259094,10207,494,1183.57861097325,0.0483981581267757
"2020-04-30","Poland",6301.34864833277,7468.29305746026,10060,499,1166.94440912749,0.0496023856858847
"2020-05-31","Poland",4041.28676980083,5869.25747430468,8705,435,1827.97070450385,0.0499712808730615
"2020-06-30","Poland",4196.10518907753,5271.65801488778,10077,506,1075.55282581025,0.0502133571499454
"2020-07-31","Poland",3172.90049414206,4592.39730836804,9949,505,1419.49681422598,0.0507588702382149
"2020-08-31","Poland",3651.88889280084,5393.56749729984,10074,516,1741.678604499,0.0512209648600357
"2020-09-30","Poland",2508.89181049349,3343.92502737303,10222,517,835.033216879538,0.0505771864605752
"2020-10-31","Poland",4266.42213102375,5351.49088153414,9601,453,1085.06875051039,0.0471825851473805
"2020-11-30","Poland",2992.91828879711,4461.34633482122,8930,454,1468.42804602411,0.0508398656215006
"2020-12-31","Poland",2902.50359792671,4657.32439438018,9834,506,1754.82079645347,0.0514541387024608
"2021-01-31","Poland",5749.70236925206,7208.36610802969,11936,582,1458.66373877763,0.0487600536193029
"2021-02-28","Poland",5777.07425395008,8925.95886448527,11020,540,3148.88461053519,0.0490018148820327
"2021-03-31","Poland",6301.34864833277,7705.58671527103,10856,535,1404.23806693825,0.0492815033161385
"2021-04-30","Poland",6301.34864833277,7445.18216564968,11826,578,1143.83351731691,0.0488753593776425
"2021-05-31","Poland",6686.65030051855,8571.35794412144,11101,545,1884.70764360289,0.0490946761553013
"2021-06-30","Poland",4690.57011284124,7631.23932419221,10637,518,2940.66921135097,0.0486979411488202
"2021-07-31","Poland",5093.95040519699,7476.56981262528,10548,516,2382.61940742829,0.0489192263936291
"2021-08-31","Poland",5341.85776224026,7583.68212475969,10532,543,2241.82436251943,0.0515571591340676
"2021-09-30","Poland",3398.38144695391,5546.02183676391,11066,552,2147.64038981,0.0498825230435568
"2021-10-31","Poland",3290.54680568127,4640.32186512385,11379,568,1349.77505944258,0.0499165128745935
"2021-11-30","Poland",4142.98910420331,6006.98539159549,11038,556,1863.99628739218,0.0503714441021924
"2021-12-31","Poland",4350.21072365648,6529.07560952058,10121,510,2178.8648858641,0.0503902776405494
"2022-01-31","Poland",5581.21391473,8948.4296324338,11463,572,3367.2157177038,0.0498996772223676
"2022-02-28","Poland",6301.34864833277,11387.2956228337,12641,635,5085.94697450095,0.0502333676133217
"2022-03-31","Poland",7535.24142468758,9912.76298769797,11689,577,2377.52156301039,0.0493626486440243
"2022-04-30","Poland",6996.68305822549,10002.1566613163,12084,588,3005.47360309083,0.0486593843098312
"2022-05-31","Poland",6826.77090243647,9468.13154499244,12176,615,2641.36064255597,0.0505091984231275
"2022-06-30","Poland",7390.43890048967,10070.6478960373,12244,620,2680.2089955476,0.0506370467167592
"2022-07-31","Poland",7340.13943513866,10089.7574283693,12941,652,2749.6179932306,0.0503825052159802
"2022-08-31","Poland",5321.50303094477,8162.97739580033,12368,634,2841.47436485556,0.051261319534282
"2022-09-30","Poland",6615.37347007837,8834.20035492765,12502,625,2218.82688484928,0.0499920012797952
"2022-10-31","Poland",4884.83007152124,6935.39702290477,12791,625,2050.56695138353,0.0488624814322571
"2022-11-30","Poland",5796.44144303252,8014.7603240866,10832,559,2218.31888105408,0.0516063515509601
"2022-12-31","Poland",6341.12797236044,8463.16311079259,12363,633,2122.03513843215,0.0512011647658335
"2023-01-31","Poland",7921.14891772222,12410.1321858267,11764,584,4488.98326810445,0.0496429785787147
"2023-02-28","Poland",6936.59322636298,11160.7647006163,12432,618,4224.17147425333,0.0497104247104247
"2023-03-31","Poland",7507.93660983722,11089.1028894228,12398,607,3581.16627958557,0.0489595095983223
"2023-04-30","Poland",8371.14375239271,11219.8717533188,12814,642,2848.72800092611,0.050101451537381
"2023-05-31","Poland",8844.80113732635,13140.8388834581,13202,658,4296.03774613173,0.0498409331919406
"2023-06-30","Poland",9723.24143114367,13885.8655198589,13260,667,4162.62408871522,0.0503016591251885
"2023-07-31","Poland",9383.6270707201,12697.168776689,13971,708,3313.54170596895,0.0506764011165987
"2023-08-31","Poland",6301.34864833277,10928.712094969,12797,628,4627.36344663624,0.0490740017191529
"2023-09-30","Poland",7254.64977547707,10172.0373487632,13056,639,2917.3875732861,0.0489430147058824
"2023-10-31","Poland",7212.56427100091,10291.6807819444,13180,652,3079.11651094345,0.0494688922610015
"2023-11-30","Poland",6488.33248725751,10741.3221373172,13132,687,4252.9896500597,0.0523149558330795
"2023-12-31","Poland",7394.679567412,10833.0424949092,11762,593,3438.36292749725,0.0504165958170379
"2024-01-31","Poland",8501.49518576651,11022.9659234098,14148,715,2521.47073764334,0.0505371783997738
"2024-02-29","Poland",6301.34864833277,12635.7578287776,14774,732,6334.4091804448,0.0495465006091783
"2024-03-31","Poland",9695.56640368589,14556.2598501318,14160,706,4860.69344644588,0.0498587570621469
"2024-04-30","Poland",10150.7485686778,13208.1463816114,13466,689,3057.39781293362,0.0511658993019456
"2024-05-31","Poland",9267.83551377607,14957.7018679078,14252,715,5689.8663541317,0.0501683974179063
"2024-06-30","Poland",9038.0538299497,12355.3105108359,13408,673,3317.25668088615,0.0501939140811456
"2024-07-31","Poland",7466.06453079247,12285.075542494,14003,702,4819.01101170153,0.0501321145468828
"2024-08-31","Poland",8251.55204096808,11513.1910076882,13205,660,3261.63896672008,0.0499810677773571
"2024-09-30","Poland",8210.49005157479,11996.2366043093,14373,712,3785.74655273448,0.0495373269324428
"2024-10-31","Poland",7504.76717568759,9867.39692179381,14063,706,2362.62974610622,0.0502026594609969
"2024-11-30","Poland",6301.34864833277,11023.4600785369,15016,730,4722.11143020408,0.048614810868407
"2024-12-31","Poland",8906.33498528656,12443.3413110711,13758,677,3537.00632578455,0.0492077336822213
